,betw cen e-wpli alpha,waiting time delta
betw cen e-wpli alpha_C2,-0.42425314353226196,0.14937483854693806
waiting time delta_P8,0.14937483854693803,-0.41738758299988404
