,betw cen e-icoh beta,lyapunov exponent
betw cen e-icoh beta_PO10,0.5566310114429299,0.26799101070373105
lyapunov exponent_P5,0.26799101070373105,0.46132652437132393
