,betw cen e-wpli theta,betw cen s-lps gamma,life time beta,range coef var theta
betw cen e-wpli theta_P2,-0.49025982173952165,0.09592358460920436,0.2920969004612467,-0.2805519551407218
betw cen s-lps gamma_ROlfactoryGyrus,0.09592358460920436,-0.4324684359325275,0.07828755881549254,-0.03729737471870164
life time beta_P5,0.2920969004612467,0.07828755881549256,-0.39285292312073744,-0.17631528417818743
range coef var theta_AF8,-0.2805519551407218,-0.03729737471870164,-0.17631528417818743,0.41128150766998656
