,betw cen e-plv theta,betw cen s-lcoh delta,betw cen s-lps delta,dfa exponent delta,skewness ampl alpha
betw cen e-plv theta_F4,0.2727819534549821,0.12754046077565137,0.11573336748358926,0.1620685700641974,0.158657520915164
betw cen s-lcoh delta_LMiddleOrbitofrontalCortex,0.12754046077565137,0.3188990581499622,0.8412314813818693,0.11632780681824938,0.1148152380175582
betw cen s-lps delta_LMiddleOrbitofrontalCortex,0.11573336748358926,0.8412314813818693,0.29475278928831816,0.13078067234449006,0.13655393865824617
dfa exponent delta_CP5,0.1620685700641974,0.11632780681824938,0.13078067234449006,0.29984186639222915,0.37269569060436375
skewness ampl alpha_POz,0.158657520915164,0.1148152380175582,0.13655393865824617,0.37269569060436375,0.27326642616171515
