,betw cen e-wpli gamma,source ampl beta
betw cen e-wpli gamma_FC4,0.552175500036551,0.37247721645922255
source ampl beta_LRolandicOperculum,0.37247721645922255,0.555217911945895
