,betw cen e-wpli alpha,correlation dimension
betw cen e-wpli alpha_AF8,0.45397183698520827,0.3083853791500823
correlation dimension_FC3,0.3083853791500823,0.4242279881751968
