,betw cen e-plv delta,betw cen e-wpli theta,dfa exponent delta,kurtosis ampl gamma,mod index alpha-gamma
betw cen e-plv delta_Fp1,-0.2818808124737085,-0.09577335956467171,0.18623055125311647,0.07606109085064858,0.21340488991251882
betw cen e-wpli theta_F5,-0.09577335956467171,0.3075787975958353,-0.12444859446785625,-0.09011611915020526,-0.059693917027016444
dfa exponent delta_CP5,0.18623055125311647,-0.12444859446785626,-0.28643524806931275,0.2992883382916009,0.18620787280045842
kurtosis ampl gamma_Fz,0.07606109085064858,-0.09011611915020526,0.2992883382916009,-0.28844293407155286,0.11538874263965532
mod index alpha-gamma_P5,0.21340488991251882,-0.059693917027016444,0.18620787280045842,0.11538874263965532,-0.28433075057213103
