,betw cen e-plv gamma,betw cen e-plv theta
betw cen e-plv gamma_Fz,0.32651390914800404,0.05296586393302975
betw cen e-plv theta_C6,0.05296586393302975,-0.29351100794485135
