,betw cen e-plv delta,betw cen e-wpli theta,dfa exponent delta,kurtosis ampl gamma,mod index alpha-gamma
betw cen e-plv delta_Fp1,0.0,0.26381506726172554,0.02874372455111348,0.3752547279128665,0.011965591106693886
betw cen e-wpli theta_F5,0.26381506726172554,0.0,0.1458625548340358,0.29319618108840867,0.4867502674842319
dfa exponent delta_CP5,0.02874372455111348,0.14586255483403565,0.0,0.00036252865316161327,0.02876352041644935
kurtosis ampl gamma_Fz,0.3752547279128665,0.29319618108840867,0.00036252865316161327,0.0,0.17775895770472042
mod index alpha-gamma_P5,0.011965591106693886,0.4867502674842319,0.02876352041644935,0.17775895770472042,0.0
