,betw cen e-wpli theta,betw cen s-lps gamma,life time beta,range coef var theta
betw cen e-wpli theta_P2,0.0,0.4545503699209903,0.020182890256122035,0.025936830603383042
betw cen s-lps gamma_ROlfactoryGyrus,0.4545503699209903,0.0,0.5419398809926428,0.7716543982080282
life time beta_P5,0.020182890256122035,0.5419398809926426,0.0,0.16688227608034764
range coef var theta_AF8,0.025936830603383042,0.7716543982080282,0.16688227608034764,0.0
