,betw cen e-plv gamma,betw cen e-plv theta,explained variance
1,0.707106781186547,0.707106781186548,0.5244145506939544
2,0.707106781186548,-0.707106781186547,0.4755854493060458
