,betw cen e-icoh beta,lyapunov exponent,explained variance
1,0.707106781186548,0.707106781186547,0.5612208341335474
2,0.707106781186547,-0.707106781186548,0.43877916586645255
