,betw cen e-icoh gamma,clust coef e-plv alpha,life time beta,node str e-plv alpha,node str e-plv delta,source ampl alpha,waiting time gamma,explained variance
1,-0.1892391532768761,0.5182110298804412,-0.3639625930212798,0.5012769470566647,0.1621737661551543,0.36060931702347065,-0.39440983082955616,0.4263748178032471
2,0.08358365510328782,-0.2649565360420198,-0.5709158202206106,-0.3170164070897888,-0.47032147383397654,-0.06826612659223728,-0.5201009302785639,0.16243980879312891
3,0.8039014545997157,0.1812418243622373,0.14529472645497682,0.14906671046790637,-0.37732345616296087,0.3587302738387301,0.08063504665955182,0.1342982232590355
4,-0.5444512265564758,0.10376523239123987,0.2295023833411422,0.09150804101765134,-0.7405494538924468,0.21426615957192066,0.19348667168486544,0.12930992451263548
5,-0.11969373274492019,-0.3089934453183414,0.045417523101430844,-0.37831956354511,0.24768385074510574,0.82672638286561,-0.013572600350689294,0.09246778716571827
6,-0.010796188605252473,-0.023599252758251102,0.682031085773918,-0.01099825171734452,0.005283545153729794,-0.06641519142334441,-0.7277363949788926,0.05071317999488417
7,-0.00863025569863522,0.7222227261635151,0.023985458960481383,-0.6887530475743971,0.018321867295970375,-0.053063830920838745,0.01457150444343581,0.004396258471350588
