,betw cen e-icoh delta,betw cen e-wpli delta,kurtosis ampl beta,kurtosis ampl delta,life time gamma,node str e-plv delta,skewness ampl gamma,waiting time beta,waiting time gamma,explained variance
1,0.058406645202561884,0.0016296038133718515,0.4414425963699693,0.11765363768535322,0.4735806230111161,-0.16033677537517546,-0.38329158170142347,0.40951773265059,0.4725128208306865,0.34575864161035025
2,-0.03860687538758005,-0.5863411029944776,-0.0062672752037772235,0.6853951546653588,0.046605737768804806,0.23968210574622445,-0.2519174266178418,-0.17886942713103438,-0.17271813723792034,0.13643882901174015
3,0.36050865963822015,-0.26885868713282735,0.27630152106852457,-0.21471864037400804,-0.05285298621367001,0.6840101720004308,0.37182709641469724,0.14366918937083709,0.2138745156763789,0.11977099691177309
4,0.7970633812320062,0.45060881776952505,-0.128623447220179,0.27769237649879747,0.011077201678501366,0.060901062342982884,-0.19964580692712222,-0.12500854273024928,-0.09309879019809641,0.11674974880579776
5,-0.3848338243171246,0.40946819208083146,-0.16183219971368354,-0.031225170797837733,0.37038249142546864,0.5876703801205123,-0.21342897183652226,-0.32858432517493896,0.1449648398219314,0.09597013873865191
6,-0.26081606599738666,0.44483878248879255,0.3327883227166876,0.5791529597127544,-0.26050866559898944,0.05983959365463763,0.4217775151683557,0.1939661444707323,0.031024820830328342,0.07667556276563135
7,-0.0859830437410196,0.06119833454431527,-0.38488963327303066,-0.006822871820576858,-0.07928345897905485,0.2754093812323102,-0.22782210949455708,0.7791706317875429,-0.31548235688213644,0.05083097663092382
8,0.05901540040025558,-0.10750637722995256,-0.6428755533265078,0.2381875523398724,0.24825903702125265,-0.1251745014711406,0.420507735077313,0.09509826268066549,0.5017625276064019,0.033338364885509
9,-0.0531380435994476,-0.004422104027750938,-0.11762609483193524,-0.0009640052401872291,-0.7054550198486036,0.069350675005596,-0.3991659661796207,-0.047873855035192835,0.5649940620232312,0.02446674063962262
