,betw cen e-wpli alpha,waiting time delta,explained variance
1,0.7071067811865477,0.7071067811865474,0.549414068009466
2,-0.7071067811865474,0.7071067811865477,0.450585931990534
