,betw cen e-wpli gamma,source ampl beta,explained variance
1,0.7071067811865478,0.7071067811865474,0.600000833933345
2,0.7071067811865474,-0.7071067811865478,0.3999991660666549
