,betw cen e-wpli alpha,correlation dimension,explained variance
1,0.7071067811865475,-0.7071067811865475,0.5940819039273377
2,0.7071067811865475,0.7071067811865475,0.4059180960726623
