,betw cen e-plv delta,betw cen e-wpli theta,dfa exponent delta,kurtosis ampl gamma,mod index alpha-gamma,explained variance
1,0.5583114137432593,-0.3033424577459969,0.533226571373871,2.6147002345541847e-19,0.5585169130773815,0.35653521305746166
2,-0.16528723957849695,-0.9236071895458151,0.009775661289824319,-3.375576439289921e-16,-0.3457373631792606,0.24171381938811504
3,-0.5468747259835584,0.15894408175409142,0.8099334344442011,2.833980763769921e-16,-0.14025920549175352,0.2090272403390378
4,0.6015783638038616,0.1722495039854904,0.24409361277312064,1.6463905362982103e-16,-0.7408453879070768,0.19272372721538542
5,-0.0,-5.767439967138023e-16,-3.783566238474138e-16,0.9999999999999999,5.358758966789628e-17,1.414190061286179e-34
